NDBI,cell_id,cloud_pct,lat_center,lon_center,date
-0.5800209336217019,c0021,44.68705368041992,41.205528,14.615377,2019-01-03
-0.1460234777867695,c0021,86.70588684082031,41.205528,14.615377,2019-01-08
-0.3207837641793132,c0021,97.64938354492188,41.205528,14.615377,2019-01-13
-0.2208495309028244,c0021,80.91097259521484,41.205528,14.615377,2019-01-18
-0.1011508557086011,c0021,76.15276336669922,41.205528,14.615377,2019-01-23
-0.0565036621762169,c0021,60.205909729003906,41.205528,14.615377,2019-01-28
-0.3113594452075329,c0021,94.0199966430664,41.205528,14.615377,2019-02-02
0.0169635141598333,c0021,0.0039980001747608,41.205528,14.615377,2019-02-07
-0.0287705828677897,c0021,37.17738723754883,41.205528,14.615377,2019-02-12
-0.0029623784194366,c0021,0.1636189967393875,41.205528,14.615377,2019-02-17
-0.022303491766942,c0021,26.645837783813477,41.205528,14.615377,2019-02-22
-0.0373955985198578,c0021,12.36307144165039,41.205528,14.615377,2019-02-27
-0.02929314230831,c0021,35.78618240356445,41.205528,14.615377,2019-03-04
-0.0029556376283885,c0021,9.769418716430664,41.205528,14.615377,2019-03-09
-0.2639515882618187,c0021,59.21657180786133,41.205528,14.615377,2019-03-14
,c0021,33.449581146240234,41.205528,14.615377,2019-03-17
-0.0945151648103303,c0021,21.092111587524418,41.205528,14.615377,2019-03-19
-0.0279735542006509,c0021,0.0018710000440478,41.205528,14.615377,2019-03-24
-0.0452280078337549,c0021,6.0144548416137695,41.205528,14.615377,2019-03-29
-0.2434085867898427,c0021,79.7729721069336,41.205528,14.615377,2019-04-03
-0.4129434253897855,c0021,68.76549530029297,41.205528,14.615377,2019-04-08
-0.2202020127438385,c0021,72.80828857421875,41.205528,14.615377,2019-04-13
-0.0570483038250972,c0021,0.9326980113983154,41.205528,14.615377,2019-04-18
-0.1602596174332703,c0021,78.7128677368164,41.205528,14.615377,2019-04-23
-0.1022336427207323,c0021,78.2280502319336,41.205528,14.615377,2019-04-28
-0.0898622368825685,c0021,67.92204284667969,41.205528,14.615377,2019-05-03
-0.0924821704954505,c0021,33.73811721801758,41.205528,14.615377,2019-05-08
-0.2557438810670102,c0021,51.5142936706543,41.205528,14.615377,2019-05-13
-0.1616149171566807,c0021,91.22108459472656,41.205528,14.615377,2019-05-18
-0.1199004518580191,c0021,35.1319465637207,41.205528,14.615377,2019-05-23
-0.1441540855832581,c0021,55.093563079833984,41.205528,14.615377,2019-05-28
-0.1904906570709831,c0021,34.52062225341797,41.205528,14.615377,2019-06-02
-0.156088970555275,c0021,0.0021629999391734,41.205528,14.615377,2019-06-07
-0.1809286554995664,c0021,0.0036790000740438,41.205528,14.615377,2019-06-12
-0.176774952938881,c0021,0.9007099866867065,41.205528,14.615377,2019-06-17
-0.283852993785071,c0021,94.4516372680664,41.205528,14.615377,2019-06-22
-0.169521500652589,c0021,4.824005126953125,41.205528,14.615377,2019-06-27
,c0021,0.6577399969100952,41.205528,14.615377,2019-06-30
-0.1876682255939697,c0021,0.040327999740839,41.205528,14.615377,2019-07-02
-0.1876246929385708,c0021,29.933998107910156,41.205528,14.615377,2019-07-07
-0.1722039338025381,c0021,34.5289192199707,41.205528,14.615377,2019-07-12
-0.1809023527679087,c0021,7.389512062072754,41.205528,14.615377,2019-07-17
-0.1635448323274263,c0021,0.4070619940757751,41.205528,14.615377,2019-07-22
-0.152521609933587,c0021,21.956531524658203,41.205528,14.615377,2019-07-27
-0.1749149167186265,c0021,1.6661590337753296,41.205528,14.615377,2019-08-01
-0.1564103725159223,c0021,0.0278229992836713,41.205528,14.615377,2019-08-06
-0.1486086693015197,c0021,0.0548840016126632,41.205528,14.615377,2019-08-11
-0.1521011072942441,c0021,8.680356979370117,41.205528,14.615377,2019-08-16
-0.1391395442800683,c0021,0.9119349718093872,41.205528,14.615377,2019-08-21
-0.1817820480238776,c0021,1.6569160223007202,41.205528,14.615377,2019-08-26
-0.19764888293132,c0021,24.827978134155273,41.205528,14.615377,2019-08-31
-0.1943202729484599,c0021,0.6748980283737183,41.205528,14.615377,2019-09-05
-0.2613196095365464,c0021,43.880348205566406,41.205528,14.615377,2019-09-10
,c0021,0.2980070114135742,41.205528,14.615377,2019-09-13
-0.2371325250228957,c0021,46.87245178222656,41.205528,14.615377,2019-09-15
-0.2515504681164027,c0021,13.952211380004885,41.205528,14.615377,2019-09-20
-0.244762212671325,c0021,11.833573341369627,41.205528,14.615377,2019-09-25
-0.2688524675628578,c0021,4.1158928871154785,41.205528,14.615377,2019-09-30
-0.0783425123726975,c0021,55.68242263793945,41.205528,14.615377,2019-10-05
-0.2665158042150992,c0021,2.6796560287475586,41.205528,14.615377,2019-10-10
-0.2365281134524479,c0021,8.782219886779785,41.205528,14.615377,2019-10-15
-0.2283733397964921,c0021,2.4683330059051514,41.205528,14.615377,2019-10-20
-0.3192325903347441,c0021,24.503690719604492,41.205528,14.615377,2019-10-25
-0.2046857915883834,c0021,69.9472885131836,41.205528,14.615377,2019-10-30
-0.2265193900072748,c0021,47.657318115234375,41.205528,14.615377,2019-11-04
-0.6339767077871368,c0021,60.35502624511719,41.205528,14.615377,2019-11-09
-0.405585374435288,c0021,81.80217742919922,41.205528,14.615377,2019-11-14
-0.4665049886609595,c0021,99.99529266357422,41.205528,14.615377,2019-11-19
-0.5122971021688587,c0021,99.98987579345705,41.205528,14.615377,2019-11-24
-0.3452398540772387,c0021,99.2620086669922,41.205528,14.615377,2019-11-29
-0.0539361358383751,c0021,25.27187728881836,41.205528,14.615377,2019-12-04
-0.3758551827515799,c0021,79.01432800292969,41.205528,14.615377,2019-12-09
,c0021,90.95612335205078,41.205528,14.615377,2019-12-12
-0.1374865121277259,c0021,0.1595710068941116,41.205528,14.615377,2019-12-14
-0.4831134653228621,c0021,97.52633666992188,41.205528,14.615377,2019-12-19
-0.2318651176808598,c0021,0.0054580001160502,41.205528,14.615377,2019-12-24
,c0021,12.624473571777344,41.205528,14.615377,2019-12-27
-0.1366166757229299,c0021,43.580867767333984,41.205528,14.615377,2019-12-29
-0.0585600731990167,c0021,22.67167854309082,41.205528,14.615377,2020-01-03
,c0021,6.468430995941162,41.205528,14.615377,2020-01-06
-0.0769895087884699,c0021,7.793889045715332,41.205528,14.615377,2020-01-08
-0.0477099433911156,c0021,0.0033509999047964,41.205528,14.615377,2020-01-13
,c0021,0.6574050188064575,41.205528,14.615377,2020-01-16
-0.2173796375069306,c0021,83.4983901977539,41.205528,14.615377,2020-01-18
-0.0730402503408625,c0021,0.0530520007014274,41.205528,14.615377,2020-01-23
-0.1814980346389432,c0021,96.35183715820312,41.205528,14.615377,2020-01-28
,c0021,92.88902282714844,41.205528,14.615377,2020-01-31
-0.1172491459270181,c0021,99.82774353027344,41.205528,14.615377,2020-02-02
-0.0543353202726035,c0021,0.0191840007901191,41.205528,14.615377,2020-02-07
,c0021,99.98513793945312,41.205528,14.615377,2020-02-10
-0.0429423715189732,c0021,67.14208221435547,41.205528,14.615377,2020-02-12
,c0021,0.5360860228538513,41.205528,14.615377,2020-02-15
-0.0551388601498843,c0021,13.676237106323242,41.205528,14.615377,2020-02-17
,c0021,6.407632827758789,41.205528,14.615377,2020-02-20
-0.0319566812928057,c0021,0.0053519997745752,41.205528,14.615377,2020-02-22
,c0021,63.67757034301758,41.205528,14.615377,2020-02-25
-0.0536908770708123,c0021,3.157183885574341,41.205528,14.615377,2020-02-27
-0.1261247779273014,c0021,44.2837028503418,41.205528,14.615377,2020-03-03
-0.0848694045949016,c0021,21.846410751342773,41.205528,14.615377,2020-03-08
-0.0857765654475448,c0021,84.61918640136719,41.205528,14.615377,2020-03-13
,c0021,0.8847569823265076,41.205528,14.615377,2020-03-16
-0.0822128422931906,c0021,1.016968011856079,41.205528,14.615377,2020-03-18
-0.0824830467452892,c0021,45.58795928955078,41.205528,14.615377,2020-03-23
-0.1447748818351714,c0021,46.16508865356445,41.205528,14.615377,2020-03-28
-0.0956001042541377,c0021,4.020209789276123,41.205528,14.615377,2020-04-02
-0.0770212113304611,c0021,0.0540079995989799,41.205528,14.615377,2020-04-07
-0.0559628568937926,c0021,2.5880370140075684,41.205528,14.615377,2020-04-12
,c0021,29.995365142822266,41.205528,14.615377,2020-04-17
-0.6579644707577104,c0021,76.35054016113281,41.205528,14.615377,2020-04-22
-0.0902825919825638,c0021,4.316608905792236,41.205528,14.615377,2020-04-27
-0.1901131772095685,c0021,84.34744262695312,41.205528,14.615377,2020-05-02
-0.2051709498031234,c0021,6.409356117248535,41.205528,14.615377,2020-05-07
-0.1051965143867574,c0021,28.53124237060547,41.205528,14.615377,2020-05-12
-0.7001626844877016,c0021,99.84027099609376,41.205528,14.615377,2020-05-17
-0.1146943235100623,c0021,0.1546609997749328,41.205528,14.615377,2020-05-22
-0.1642477695921791,c0021,38.733524322509766,41.205528,14.615377,2020-05-27
-0.1963500111188246,c0021,38.12147521972656,41.205528,14.615377,2020-06-01
-0.1538137005217302,c0021,9.270599365234377,41.205528,14.615377,2020-06-06
-0.2963444029488764,c0021,62.59172439575195,41.205528,14.615377,2020-06-11
-0.268817799925346,c0021,56.51573181152344,41.205528,14.615377,2020-06-16
-0.1646958039186266,c0021,13.471153259277344,41.205528,14.615377,2020-06-21
-0.171595409022134,c0021,5.710763931274414,41.205528,14.615377,2020-06-26
-0.1699474416825711,c0021,2.047363042831421,41.205528,14.615377,2020-07-01
-0.1814198931013792,c0021,3.209852933883667,41.205528,14.615377,2020-07-06
-0.1791980429731152,c0021,3.296950101852417,41.205528,14.615377,2020-07-11
-0.194980046034408,c0021,9.641876220703123,41.205528,14.615377,2020-07-16
,c0021,3.7031099796295166,41.205528,14.615377,2020-07-19
-0.1811890288889129,c0021,0.3551709949970245,41.205528,14.615377,2020-07-21
-0.1882685111145869,c0021,0.4526999890804291,41.205528,14.615377,2020-07-26
-0.1622946117070598,c0021,0.4736050069332123,41.205528,14.615377,2020-07-31
-0.1865216263541451,c0021,69.26380157470703,41.205528,14.615377,2020-08-05
-0.1554512907493579,c0021,1.4629650115966797,41.205528,14.615377,2020-08-10
-0.1537372159898319,c0021,10.188603401184082,41.205528,14.615377,2020-08-15
-0.1561140987414638,c0021,4.818481922149658,41.205528,14.615377,2020-08-20
-0.1554998129563894,c0021,15.623662948608398,41.205528,14.615377,2020-08-25
-0.1405140767277032,c0021,29.566905975341797,41.205528,14.615377,2020-08-30
-0.1712475006300957,c0021,0.9713760018348694,41.205528,14.615377,2020-09-04
-0.1546915209392872,c0021,0.3793680071830749,41.205528,14.615377,2020-09-09
-0.1468334592025723,c0021,0.3184860050678253,41.205528,14.615377,2020-09-14
-0.1423471060358069,c0021,3.9407999515533447,41.205528,14.615377,2020-09-19
-0.3516568233595999,c0021,85.80604553222656,41.205528,14.615377,2020-09-24
-0.1702315198567007,c0021,6.9596781730651855,41.205528,14.615377,2020-09-29
-0.2047721571860931,c0021,5.871652126312256,41.205528,14.615377,2020-10-04
-0.2235084955357187,c0021,35.83478927612305,41.205528,14.615377,2020-10-09
-0.2247766925449984,c0021,38.56280517578125,41.205528,14.615377,2020-10-14
-0.1984951501414724,c0021,1.15515398979187,41.205528,14.615377,2020-10-19
-0.5933828107750683,c0021,97.01435089111328,41.205528,14.615377,2020-10-24
-0.143890215151982,c0021,75.6949462890625,41.205528,14.615377,2020-10-29
-0.1615858047928334,c0021,5.066279888153076,41.205528,14.615377,2020-11-03
-0.1771302796837421,c0021,1.7131520509719849,41.205528,14.615377,2020-11-08
-0.0316275986806988,c0021,52.99510955810547,41.205528,14.615377,2020-11-13
-0.0338427086769232,c0021,33.194271087646484,41.205528,14.615377,2020-11-18
-0.0944138620487355,c0021,1.8813129663467407,41.205528,14.615377,2020-11-23
-0.1580260505782702,c0021,59.90802764892578,41.205528,14.615377,2020-11-28
-0.4472981890207834,c0021,96.88278198242188,41.205528,14.615377,2020-12-03
-0.357021115221102,c0021,97.49549865722656,41.205528,14.615377,2020-12-08
-0.1775689475792568,c0021,41.49031448364258,41.205528,14.615377,2020-12-13
-0.1177151265609393,c0021,30.26240348815918,41.205528,14.615377,2020-12-18
-0.1848674207463654,c0021,88.47651672363281,41.205528,14.615377,2020-12-23
-0.2131205471532672,c0021,72.57342529296875,41.205528,14.615377,2020-12-28
-0.0676023894174149,c0021,47.954734802246094,41.205528,14.615377,2021-01-02
-0.5119718614306461,c0021,96.82615661621094,41.205528,14.615377,2021-01-07
-0.0461388588557005,c0021,77.27239990234375,41.205528,14.615377,2021-01-12
-0.4961445187766581,c0021,98.4455337524414,41.205528,14.615377,2021-01-17
-0.2588031224034011,c0021,94.75921630859376,41.205528,14.615377,2021-01-22
-0.1348577029321156,c0021,12.88998317718506,41.205528,14.615377,2021-01-27
-0.098072365689045,c0021,62.33323287963867,41.205528,14.615377,2021-02-01
-0.1402674690831752,c0021,36.37335586547851,41.205528,14.615377,2021-02-06
-0.129591769709903,c0021,6.109097957611084,41.205528,14.615377,2021-02-11
-0.0800797385216957,c0021,5.744361877441406,41.205528,14.615377,2021-02-16
-0.0609754997618877,c0021,0.0405110009014606,41.205528,14.615377,2021-02-21
-0.0652717141732449,c0021,10.025541305541992,41.205528,14.615377,2021-02-26
-0.068027866995999,c0021,4.961258888244629,41.205528,14.615377,2021-03-03
-0.1426865656533964,c0021,67.11398315429688,41.205528,14.615377,2021-03-08
-0.2534558558140571,c0021,54.38957977294922,41.205528,14.615377,2021-03-13
-0.1111317211783309,c0021,83.92448425292969,41.205528,14.615377,2021-03-18
-0.1987555644357863,c0021,54.01886749267578,41.205528,14.615377,2021-03-23
,c0021,0.835349977016449,41.205528,14.615377,2021-03-26
-0.0570210581225184,c0021,1.3949530124664309,41.205528,14.615377,2021-03-28
,c0021,0.4909740090370178,41.205528,14.615377,2021-03-31
-0.0367558634550156,c0021,32.30167770385742,41.205528,14.615377,2021-04-02
-0.1478267642780093,c0021,61.08839797973633,41.205528,14.615377,2021-04-07
-0.6223224458486968,c0021,98.70780181884766,41.205528,14.615377,2021-04-12
-0.6967792566844337,c0021,81.1570816040039,41.205528,14.615377,2021-04-17
,c0021,33.17908477783203,41.205528,14.615377,2021-04-20
-0.5724112049673525,c0021,56.14188003540039,41.205528,14.615377,2021-04-22
-0.1041338216292209,c0021,52.7467041015625,41.205528,14.615377,2021-04-27
-0.1415489579027324,c0021,36.49750518798828,41.205528,14.615377,2021-05-02
-0.0970261418985211,c0021,17.950973510742188,41.205528,14.615377,2021-05-07
-0.1066013162783808,c0021,24.448631286621097,41.205528,14.615377,2021-05-12
-0.1181778194910278,c0021,53.5818977355957,41.205528,14.615377,2021-05-17
-0.2148197609413979,c0021,59.295955657958984,41.205528,14.615377,2021-05-22
-0.0773965205224006,c0021,37.59821701049805,41.205528,14.615377,2021-05-27
-0.1392268565028652,c0021,11.886710166931152,41.205528,14.615377,2021-06-01
-0.3851894152400837,c0021,91.1080551147461,41.205528,14.615377,2021-06-06
-0.2071182003071593,c0021,23.140718460083008,41.205528,14.615377,2021-06-11
-0.2447820483822317,c0021,99.3787078857422,41.205528,14.615377,2021-06-16
-0.3738110416164785,c0021,32.74774169921875,41.205528,14.615377,2021-06-21
-0.1704443164399391,c0021,3.4605560302734375,41.205528,14.615377,2021-06-26
-0.1803722036806905,c0021,2.561295986175537,41.205528,14.615377,2021-07-01
-0.1648978794564543,c0021,0.633512020111084,41.205528,14.615377,2021-07-06
-0.1688387188278774,c0021,4.845839977264404,41.205528,14.615377,2021-07-11
-0.1859486632548078,c0021,25.36128807067871,41.205528,14.615377,2021-07-16
-0.2125907920263284,c0021,0.4247600138187408,41.205528,14.615377,2021-07-21
-0.2393247679768886,c0021,31.477270126342773,41.205528,14.615377,2021-07-26
-0.1998431952899592,c0021,0.0023690001107752,41.205528,14.615377,2021-07-31
-0.2031760975687995,c0021,45.554588317871094,41.205528,14.615377,2021-08-05
,c0021,0.4556280076503753,41.205528,14.615377,2021-08-08
-0.1852752119925434,c0021,0.9613940119743348,41.205528,14.615377,2021-08-10
-0.1762336821901974,c0021,0.0142900003120303,41.205528,14.615377,2021-08-15
-0.1921787274720749,c0021,5.581503868103027,41.205528,14.615377,2021-08-20
-0.0730583757338326,c0021,31.368614196777344,41.205528,14.615377,2021-08-25
-0.1908705458485755,c0021,6.330648899078369,41.205528,14.615377,2021-08-30
-0.1667924126525994,c0021,28.31068420410156,41.205528,14.615377,2021-09-04
,c0021,0.16839300096035,41.205528,14.615377,2021-09-07
-0.2021349255003851,c0021,2.4012300968170166,41.205528,14.615377,2021-09-09
,c0021,0.072682999074459,41.205528,14.615377,2021-09-12
-0.189691070761797,c0021,10.812494277954102,41.205528,14.615377,2021-09-14
-0.2694816486672242,c0021,17.448457717895508,41.205528,14.615377,2021-09-19
-0.2438720789119302,c0021,0.0423320010304451,41.205528,14.615377,2021-09-24
-0.3447287287245562,c0021,97.39237213134766,41.205528,14.615377,2021-09-29
-0.237596018516957,c0021,3.159337043762207,41.205528,14.615377,2021-10-04
-0.097551518932676,c0021,17.54667091369629,41.205528,14.615377,2021-10-09
-0.2902233743703005,c0021,38.703086853027344,41.205528,14.615377,2021-10-14
-0.2851468303342285,c0021,1.0423029661178589,41.205528,14.615377,2021-10-19
-0.2482978619821546,c0021,73.95879364013672,41.205528,14.615377,2021-10-24
-0.2813771409506578,c0021,91.5000457763672,41.205528,14.615377,2021-10-29
-0.6229102258690736,c0021,96.17847442626952,41.205528,14.615377,2021-11-03
-0.6332686429413426,c0021,99.16780090332033,41.205528,14.615377,2021-11-08
-0.2382574888535998,c0021,71.9275131225586,41.205528,14.615377,2021-11-13
-0.1647996657925135,c0021,50.15492630004883,41.205528,14.615377,2021-11-18
-0.2019328881983234,c0021,87.21257019042969,41.205528,14.615377,2021-11-23
-0.5540538768868033,c0021,94.24479675292967,41.205528,14.615377,2021-11-28
-0.4735726912554523,c0021,96.5141372680664,41.205528,14.615377,2021-12-03
-0.1231150703582611,c0021,86.58037567138672,41.205528,14.615377,2021-12-08
-0.1742240960144222,c0021,3.672239065170288,41.205528,14.615377,2021-12-13
-0.2340388058368944,c0021,19.76412010192871,41.205528,14.615377,2021-12-18
-0.0894937752520815,c0021,23.51011657714844,41.205528,14.615377,2021-12-23
-0.0708539008700653,c0021,3.0885279178619385,41.205528,14.615377,2021-12-28
-0.2884046176577873,c0021,81.38642120361328,41.205528,14.615377,2022-01-02
-0.1310069565865093,c0021,39.36323165893555,41.205528,14.615377,2022-01-07
-0.1763955651990255,c0021,73.3839340209961,41.205528,14.615377,2022-01-12
-0.090560348679073,c0021,30.531816482543945,41.205528,14.615377,2022-01-17
-0.0452109281461974,c0021,1.5346850156784058,41.205528,14.615377,2022-01-22
-0.2024746574537858,c0021,86.10897827148438,41.205528,14.615377,2022-01-27
-0.0916830736002391,c0021,44.02608871459961,41.205528,14.615377,2022-02-01
-0.0496327962213405,c0021,36.84458923339844,41.205528,14.615377,2022-02-06
-0.0260480797484221,c0021,1.0402460098266602,41.205528,14.615377,2022-02-11
-0.0806966189447176,c0021,13.092548370361328,41.205528,14.615377,2022-02-16
-0.2488724383642333,c0021,93.74617004394533,41.205528,14.615377,2022-02-21
-0.3695747361747831,c0021,98.99705505371094,41.205528,14.615377,2022-02-26
-0.3547192657471238,c0021,83.66619873046875,41.205528,14.615377,2022-03-03
-0.1328828357764766,c0021,63.88563919067383,41.205528,14.615377,2022-03-08
-0.0537718847266428,c0021,6.312294960021973,41.205528,14.615377,2022-03-13
-0.2424653086701461,c0021,98.87171173095705,41.205528,14.615377,2022-03-18
-0.0458318513827192,c0021,1.0037039518356323,41.205528,14.615377,2022-03-23
-0.4691092704780682,c0021,99.9305191040039,41.205528,14.615377,2022-03-28
-0.6907450859248827,c0021,96.22325134277344,41.205528,14.615377,2022-04-02
-0.1121330311273611,c0021,46.95717239379883,41.205528,14.615377,2022-04-07
-0.0804074321657844,c0021,17.01046371459961,41.205528,14.615377,2022-04-12
-0.1784412921472966,c0021,90.04653930664062,41.205528,14.615377,2022-04-17
-0.4039477573698944,c0021,93.88970184326172,41.205528,14.615377,2022-04-22
-0.1068384716941253,c0021,1.3440560102462769,41.205528,14.615377,2022-04-27
-0.118668932858373,c0021,29.74013328552246,41.205528,14.615377,2022-05-02
-0.6205936791827029,c0021,99.68279266357422,41.205528,14.615377,2022-05-07
-0.0958646138187345,c0021,24.869779586791992,41.205528,14.615377,2022-05-12
-0.0896571936244776,c0021,6.276628017425537,41.205528,14.615377,2022-05-17
-0.1301376518690933,c0021,37.18136978149414,41.205528,14.615377,2022-05-22
-0.1286494086688927,c0021,55.460689544677734,41.205528,14.615377,2022-05-27
-0.1363694035425733,c0021,0.0284940004348754,41.205528,14.615377,2022-06-01
-0.2017171155618623,c0021,27.842960357666016,41.205528,14.615377,2022-06-06
-0.1711804702016942,c0021,12.246416091918944,41.205528,14.615377,2022-06-11
-0.1684151513082005,c0021,16.997516632080078,41.205528,14.615377,2022-06-16
-0.1819311486853129,c0021,0.4913749992847442,41.205528,14.615377,2022-06-21
-0.177363076454066,c0021,3.2029318809509277,41.205528,14.615377,2022-06-26
-0.1944952412442571,c0021,27.41827392578125,41.205528,14.615377,2022-07-01
-0.1671573088744532,c0021,3.7008700370788574,41.205528,14.615377,2022-07-06
-0.1776667456300535,c0021,4.529335975646973,41.205528,14.615377,2022-07-11
-0.1662016371939484,c0021,0.2371460050344467,41.205528,14.615377,2022-07-16
-0.1568111794430133,c0021,0.1194519996643066,41.205528,14.615377,2022-07-21
-0.1513587787161779,c0021,14.214677810668944,41.205528,14.615377,2022-07-26
-0.1519402399817539,c0021,7.412635803222656,41.205528,14.615377,2022-07-31
-0.1475562545062205,c0021,10.542548179626465,41.205528,14.615377,2022-08-05
-0.1673248219846029,c0021,19.642404556274418,41.205528,14.615377,2022-08-10
-0.1831367874555804,c0021,1.2581679821014404,41.205528,14.615377,2022-08-15
-0.1939746135896257,c0021,28.378253936767575,41.205528,14.615377,2022-08-20
-0.273754889577727,c0021,75.4732894897461,41.205528,14.615377,2022-08-25
-0.2513093296101103,c0021,6.318498134613037,41.205528,14.615377,2022-08-30
-0.4817070735400432,c0021,99.43550872802734,41.205528,14.615377,2022-09-04
-0.2618429541673696,c0021,18.2608642578125,41.205528,14.615377,2022-09-09
-0.2494540160156839,c0021,25.953182220458984,41.205528,14.615377,2022-09-14
-0.2651535069820707,c0021,11.600909233093262,41.205528,14.615377,2022-09-19
-0.2837926420032547,c0021,36.097015380859375,41.205528,14.615377,2022-09-24
-0.6318255268335606,c0021,78.82352447509766,41.205528,14.615377,2022-09-29
-0.2354281281960558,c0021,1.3248759508132937,41.205528,14.615377,2022-10-04
-0.2219667550471087,c0021,84.0291976928711,41.205528,14.615377,2022-10-09
-0.2046681004808772,c0021,3.737873077392578,41.205528,14.615377,2022-10-14
-0.1829172017845718,c0021,0.0330590009689331,41.205528,14.615377,2022-10-19
-0.0989861245310601,c0021,3.4851338863372803,41.205528,14.615377,2022-10-24
-0.174767870117996,c0021,0.0026519999373704,41.205528,14.615377,2022-10-29
-0.162902406090298,c0021,24.81380844116211,41.205528,14.615377,2022-11-03
-0.1962255917781876,c0021,7.192183017730713,41.205528,14.615377,2022-11-08
-0.2756546756952799,c0021,82.08096313476562,41.205528,14.615377,2022-11-13
-0.4941257621216779,c0021,64.982177734375,41.205528,14.615377,2022-11-18
-0.1949867065394073,c0021,2.3871281147003174,41.205528,14.615377,2022-11-23
-0.1727802660907546,c0021,21.22089385986328,41.205528,14.615377,2022-11-28
-0.2417129304372912,c0021,79.4376220703125,41.205528,14.615377,2022-12-03
-0.4261481120816887,c0021,73.22669219970703,41.205528,14.615377,2022-12-08
-0.2615641528029231,c0021,98.50908660888672,41.205528,14.615377,2022-12-13
-0.0905855291942303,c0021,31.17777633666992,41.205528,14.615377,2022-12-18
-0.0260774394036044,c0021,80.0915756225586,41.205528,14.615377,2022-12-23
-0.0621020012111382,c0021,65.16841125488281,41.205528,14.615377,2022-12-28
-0.0560534948111294,c0021,27.63567352294922,41.205528,14.615377,2023-01-02
-0.1903221321655998,c0021,5.064751148223877,41.205528,14.615377,2023-01-07
-0.1101934238315289,c0021,55.251747131347656,41.205528,14.615377,2023-01-12
,c0021,58.13421630859375,41.205528,14.615377,2023-01-15
-0.5942736745716444,c0021,99.7649383544922,41.205528,14.615377,2023-01-17
-0.4321324432671517,c0021,77.6518325805664,41.205528,14.615377,2023-01-22
-0.0910288283990485,c0021,79.97480010986328,41.205528,14.615377,2023-01-27
-0.1096068160136421,c0021,53.464595794677734,41.205528,14.615377,2023-02-01
-0.0518315802663537,c0021,69.25101470947266,41.205528,14.615377,2023-02-06
-0.0646415660287452,c0021,0.004674999974668,41.205528,14.615377,2023-02-11
-0.0387881071162392,c0021,49.29676818847656,41.205528,14.615377,2023-02-16
-0.0402821067218983,c0021,75.2366943359375,41.205528,14.615377,2023-02-21
-0.2739428308909879,c0021,99.63663482666016,41.205528,14.615377,2023-02-26
-0.2398158848303358,c0021,94.4325942993164,41.205528,14.615377,2023-03-03
-0.3026550154176726,c0021,83.06655883789062,41.205528,14.615377,2023-03-08
-0.0579184121186198,c0021,9.33271026611328,41.205528,14.615377,2023-03-13
-0.0557436286278384,c0021,0.1718080043792724,41.205528,14.615377,2023-03-18
-0.0621436231415923,c0021,8.044134140014648,41.205528,14.615377,2023-03-23
-0.1193694446012756,c0021,16.339710235595703,41.205528,14.615377,2023-03-28
-0.1516132836020099,c0021,78.87318420410156,41.205528,14.615377,2023-04-02
-0.0976924149961982,c0021,21.157819747924805,41.205528,14.615377,2023-04-07
-0.0986708681186459,c0021,58.16636276245117,41.205528,14.615377,2023-04-12
-0.2439848533574337,c0021,94.12326049804688,41.205528,14.615377,2023-04-17
-0.1233011519398177,c0021,19.24968147277832,41.205528,14.615377,2023-04-22
-0.1277403146472141,c0021,23.517101287841797,41.205528,14.615377,2023-04-27
-0.6783739277193171,c0021,100.0,41.205528,14.615377,2023-05-02
-0.1130012417010623,c0021,37.99951934814453,41.205528,14.615377,2023-05-07
-0.2219687014703811,c0021,82.66279602050781,41.205528,14.615377,2023-05-12
-0.2808220240934208,c0021,98.81878662109376,41.205528,14.615377,2023-05-17
-0.168754093401974,c0021,38.523040771484375,41.205528,14.615377,2023-05-22
-0.105547643756166,c0021,18.980283737182617,41.205528,14.615377,2023-05-27
-0.1463485220661074,c0021,32.03506088256836,41.205528,14.615377,2023-06-01
-0.1939503567656659,c0021,85.0876693725586,41.205528,14.615377,2023-06-06
-0.5960102412766836,c0021,66.04060363769531,41.205528,14.615377,2023-06-11
-0.109805663699163,c0021,37.722076416015625,41.205528,14.615377,2023-06-16
-0.2077857919394972,c0021,0.5547159910202026,41.205528,14.615377,2023-06-21
-0.1958838057747426,c0021,1.4024269580841064,41.205528,14.615377,2023-06-26
-0.2401958250235025,c0021,38.509525299072266,41.205528,14.615377,2023-07-01
-0.1999858258605673,c0021,6.192361831665039,41.205528,14.615377,2023-07-06
-0.1827411311081711,c0021,0.103361003100872,41.205528,14.615377,2023-07-11
-0.1760274982014382,c0021,0.0032750000245869,41.205528,14.615377,2023-07-16
-0.1772634473123817,c0021,10.813182830810549,41.205528,14.615377,2023-07-21
-0.2178845836628304,c0021,69.19532775878906,41.205528,14.615377,2023-07-26
-0.175077680985555,c0021,14.642419815063477,41.205528,14.615377,2023-07-31
-0.5572812741559635,c0021,65.41539001464844,41.205528,14.615377,2023-08-05
-0.1975054906481227,c0021,0.6969220042228699,41.205528,14.615377,2023-08-10
-0.1872840424063611,c0021,2.1070001125335693,41.205528,14.615377,2023-08-15
-0.1736806819994696,c0021,8.704557418823242,41.205528,14.615377,2023-08-20
-0.1650832047075568,c0021,0.9110990166664124,41.205528,14.615377,2023-08-25
-0.2366023506794037,c0021,63.1942138671875,41.205528,14.615377,2023-08-30
-0.2068867245215532,c0021,94.68576049804688,41.205528,14.615377,2023-09-04
-0.1887449671371892,c0021,0.6984549760818481,41.205528,14.615377,2023-09-09
-0.3832921457124225,c0021,88.14344787597656,41.205528,14.615377,2023-09-14
-0.3173013829491027,c0021,73.11663818359375,41.205528,14.615377,2023-09-19
-0.1944100789745613,c0021,19.93560028076172,41.205528,14.615377,2023-09-24
-0.1671482891336371,c0021,3.8017890453338623,41.205528,14.615377,2023-09-29
-0.1619485234118601,c0021,2.753488063812256,41.205528,14.615377,2023-10-04
-0.1625526974883644,c0021,0.0015229999553412,41.205528,14.615377,2023-10-09
-0.150310288037666,c0021,11.09354019165039,41.205528,14.615377,2023-10-14
-0.2302019155386155,c0021,58.63543701171875,41.205528,14.615377,2023-10-19
-0.1964009911779639,c0021,81.22180938720703,41.205528,14.615377,2023-10-24
-0.1745740422261603,c0021,11.537017822265623,41.205528,14.615377,2023-10-29
-0.3432012844521553,c0021,85.72980499267578,41.205528,14.615377,2023-11-03
-0.2265699688771307,c0021,63.75514221191406,41.205528,14.615377,2023-11-08
-0.0200518900122968,c0021,11.165493965148926,41.205528,14.615377,2023-11-13
-0.2365792638127369,c0021,4.409458160400391,41.205528,14.615377,2023-11-18
-0.2458154740562033,c0021,76.09296417236328,41.205528,14.615377,2023-11-23
-0.5862364091281227,c0021,83.69136047363281,41.205528,14.615377,2023-11-28
-0.1539383077504359,c0021,20.861642837524418,41.205528,14.615377,2023-12-03
-0.1701861794564889,c0021,37.57953643798828,41.205528,14.615377,2023-12-08
-0.2328434291834539,c0021,84.49664306640625,41.205528,14.615377,2023-12-13
-0.1349953000922746,c0021,0.0234939996153116,41.205528,14.615377,2023-12-18
-0.1267497886930366,c0021,19.10698127746582,41.205528,14.615377,2023-12-23
-0.0765846108851262,c0021,59.00904083251953,41.205528,14.615377,2023-12-28
-0.1721324804114994,c0021,47.968509674072266,41.205528,14.615377,2024-01-02
-0.6030422171503141,c0021,99.88605499267578,41.205528,14.615377,2024-01-07
-0.1033207490331374,c0021,26.51310920715332,41.205528,14.615377,2024-01-12
-0.2963711029057772,c0021,99.99576568603516,41.205528,14.615377,2024-01-17
-0.1117663052899571,c0021,0.7772300243377686,41.205528,14.615377,2024-01-22
,c0021,51.27476501464844,41.205528,14.615377,2024-01-25
-0.0757945855001404,c0021,25.320375442504883,41.205528,14.615377,2024-01-27
-0.0943555044862895,c0021,21.92721366882324,41.205528,14.615377,2024-02-01
-0.0890472591412628,c0021,44.798126220703125,41.205528,14.615377,2024-02-06
-0.1767345027556938,c0021,91.01295471191406,41.205528,14.615377,2024-02-11
-0.1216123541089865,c0021,24.732168197631836,41.205528,14.615377,2024-02-16
-0.1023452481943714,c0021,10.349026679992676,41.205528,14.615377,2024-02-21
-0.1908546775890673,c0021,33.74612045288086,41.205528,14.615377,2024-02-26
-0.1340394235662741,c0021,90.7593765258789,41.205528,14.615377,2024-03-02
-0.1561842327658024,c0021,39.28753280639648,41.205528,14.615377,2024-03-07
-0.3280032073188909,c0021,64.4019775390625,41.205528,14.615377,2024-03-12
-0.0930814992424069,c0021,39.20684051513672,41.205528,14.615377,2024-03-17
-0.1880713623085919,c0021,69.94062805175781,41.205528,14.615377,2024-03-22
-0.2938848473838274,c0021,100.0,41.205528,14.615377,2024-03-27
-0.1339126141168152,c0021,29.59796142578125,41.205528,14.615377,2024-04-01
-0.1636481858124653,c0021,48.04492950439453,41.205528,14.615377,2024-04-06
-0.4121188250222272,c0021,99.9985122680664,41.205528,14.615377,2024-04-11
-0.2257202087516771,c0021,99.85413360595705,41.205528,14.615377,2024-04-16
-0.1558217399871576,c0021,46.93475341796875,41.205528,14.615377,2024-04-21
-0.2010900197345932,c0021,84.57573699951172,41.205528,14.615377,2024-04-26
-0.7007107896845598,c0021,87.41899108886719,41.205528,14.615377,2024-05-01
-0.2487044303909265,c0021,99.15987396240234,41.205528,14.615377,2024-05-06
-0.1385603594874249,c0021,12.005531311035156,41.205528,14.615377,2024-05-11
-0.1374887510265911,c0021,0.1162699982523918,41.205528,14.615377,2024-05-16
-0.3916932658710638,c0021,72.9332275390625,41.205528,14.615377,2024-05-21
-0.1667300883874442,c0021,13.089696884155272,41.205528,14.615377,2024-05-26
-0.3669995114083591,c0021,95.39007568359376,41.205528,14.615377,2024-05-31
-0.1861434712850764,c0021,10.569779396057127,41.205528,14.615377,2024-06-05
-0.1878499648117731,c0021,33.687774658203125,41.205528,14.615377,2024-06-10
-0.205561473048315,c0021,0.871815025806427,41.205528,14.615377,2024-06-15
-0.1873660975696918,c0021,0.3114460110664367,41.205528,14.615377,2024-06-20
-0.5716275399117228,c0021,99.99388122558594,41.205528,14.615377,2024-06-25
-0.1943717622096162,c0021,10.771388053894045,41.205528,14.615377,2024-06-30
-0.221862529005264,c0021,13.82908535003662,41.205528,14.615377,2024-07-05
-0.1791644122126167,c0021,1.2856860160827637,41.205528,14.615377,2024-07-10
-0.1862298925050716,c0021,0.4988470077514648,41.205528,14.615377,2024-07-15
-0.1761822219500375,c0021,1.240825057029724,41.205528,14.615377,2024-07-20
-0.1871094232521618,c0021,6.340476989746094,41.205528,14.615377,2024-07-25
-0.1903288356319531,c0021,0.0222689993679523,41.205528,14.615377,2024-07-30
-0.1748966330798689,c0021,0.4613189995288849,41.205528,14.615377,2024-08-04
-0.158604123731432,c0021,3.728178024291992,41.205528,14.615377,2024-08-09
-0.1705568552462468,c0021,2.43259596824646,41.205528,14.615377,2024-08-14
-0.1999961888914117,c0021,47.180564880371094,41.205528,14.615377,2024-08-19
,c0021,3.21083402633667,41.205528,14.615377,2024-08-22
-0.1978342911409384,c0021,5.896599769592285,41.205528,14.615377,2024-08-24
-0.1517493116302921,c0021,5.16829776763916,41.205528,14.615377,2024-08-29
-0.1857865076039759,c0021,65.25454711914062,41.205528,14.615377,2024-09-03
-0.1513345836813683,c0021,8.452444076538086,41.205528,14.615377,2024-09-08
-0.3614069721942646,c0021,57.108604431152344,41.205528,14.615377,2024-09-13
-0.6893461731565954,c0021,71.50686645507812,41.205528,14.615377,2024-09-18
-0.2745077467674023,c0021,88.90634155273438,41.205528,14.615377,2024-09-23
-0.4218384293566346,c0021,98.33162689208984,41.205528,14.615377,2024-09-28
-0.2668222216393724,c0021,99.8365249633789,41.205528,14.615377,2024-10-03
-0.2275114532367053,c0021,46.69548416137695,41.205528,14.615377,2024-10-08
-0.2414108673093003,c0021,12.329667091369627,41.205528,14.615377,2024-10-13
-0.5551408635569014,c0021,99.99486541748048,41.205528,14.615377,2024-10-18
-0.1410381161391878,c0021,99.97489166259766,41.205528,14.615377,2024-10-23
-0.3057696533055586,c0021,50.49478912353515,41.205528,14.615377,2024-10-28
-0.2318032442641954,c0021,23.187265396118164,41.205528,14.615377,2024-11-02
-0.1949506124268997,c0021,77.47409057617188,41.205528,14.615377,2024-11-07
-0.1317467812246821,c0021,60.16984558105469,41.205528,14.615377,2024-11-12
-0.2460333177679023,c0021,14.98659324645996,41.205528,14.615377,2024-11-17
-0.5019702856336299,c0021,99.71466064453124,41.205528,14.615377,2024-11-22
-0.3199981598238673,c0021,49.37779998779297,41.205528,14.615377,2024-11-27
-0.3827219796885023,c0021,5.806693077087402,41.205528,14.615377,2024-12-07
-0.2049242985345217,c0021,17.82988739013672,41.205528,14.615377,2024-12-12
-0.1328759529503419,c0021,0.0047349999658763,41.205528,14.615377,2024-12-17
-0.1849569094382115,c0021,33.073265075683594,41.205528,14.615377,2024-12-22
-0.0241615620422223,c0021,23.84580421447754,41.205528,14.615377,2024-12-27
-0.2089281260960614,c0021,14.727256774902344,41.205528,14.615377,2025-01-01
-0.2449147029104392,c0021,95.6661148071289,41.205528,14.615377,2025-01-06
,c0021,98.99410247802734,41.205528,14.615377,2025-01-09
-0.5302646609369922,c0021,99.08059692382812,41.205528,14.615377,2025-01-11
-0.1321741111284758,c0021,91.35400390625,41.205528,14.615377,2025-01-16
-0.2058376186175988,c0021,55.214202880859375,41.205528,14.615377,2025-01-21
-0.061315749138583,c0021,75.39170837402344,41.205528,14.615377,2025-01-26
-0.1347916408356153,c0021,41.95763397216797,41.205528,14.615377,2025-01-31
-0.0960590111277606,c0021,2.827383041381836,41.205528,14.615377,2025-02-05
-0.0741315175999864,c0021,2.39711594581604,41.205528,14.615377,2025-02-10
-0.5812299213791473,c0021,93.94061279296876,41.205528,14.615377,2025-02-15
-0.142895271626446,c0021,83.28772735595703,41.205528,14.615377,2025-02-20
-0.0987392184364009,c0021,91.09719848632812,41.205528,14.615377,2025-02-25
-0.1558500401798657,c0021,73.16705322265625,41.205528,14.615377,2025-03-02
-0.2884918723928151,c0021,75.52220153808594,41.205528,14.615377,2025-03-07
-0.4841384587861763,c0021,99.9996337890625,41.205528,14.615377,2025-03-12
-0.1625488450735191,c0021,22.46148109436035,41.205528,14.615377,2025-03-17
-0.104585994013637,c0021,16.659486770629883,41.205528,14.615377,2025-03-19
-0.2353741896217235,c0021,99.99998474121094,41.205528,14.615377,2025-03-22
-0.5640832376801337,c0021,99.9997100830078,41.205528,14.615377,2025-03-27
-0.2507643207193979,c0021,99.99923706054688,41.205528,14.615377,2025-03-29
-0.3008044045005616,c0021,99.91419982910156,41.205528,14.615377,2025-04-01
-0.3060190414998623,c0021,59.208595275878906,41.205528,14.615377,2025-04-06
-0.1918224155516928,c0021,21.78194808959961,41.205528,14.615377,2025-04-08
-0.1168631917172513,c0021,0.9420769810676576,41.205528,14.615377,2025-04-11
-0.1303015017761453,c0021,45.568748474121094,41.205528,14.615377,2025-04-16
-0.3364128219420281,c0021,63.542537689208984,41.205528,14.615377,2025-04-18
-0.2165628183060624,c0021,77.3258285522461,41.205528,14.615377,2025-04-21
-0.22220179946852,c0021,72.2015151977539,41.205528,14.615377,2025-04-26
-0.2017796447933684,c0021,50.90964889526367,41.205528,14.615377,2025-04-28
-0.1404450459502637,c0021,1.3487149477005005,41.205528,14.615377,2025-05-01
-0.1528886231513959,c0021,55.72172927856445,41.205528,14.615377,2025-05-06
-0.1495607181507293,c0021,48.30956268310547,41.205528,14.615377,2025-05-08
-0.5632382261878381,c0021,99.99976348876952,41.205528,14.615377,2025-05-11
-0.1912566937875225,c0021,58.44751739501953,41.205528,14.615377,2025-05-16
-0.1698365874723531,c0021,40.573020935058594,41.205528,14.615377,2025-05-18
-0.1860034681117224,c0021,56.29194259643555,41.205528,14.615377,2025-05-21
-0.12851880179947,c0021,1.634732007980347,41.205528,14.615377,2025-05-26
-0.1324003012594417,c0021,19.44071578979492,41.205528,14.615377,2025-05-28
-0.145021680913991,c0021,16.352783203125,41.205528,14.615377,2025-05-31
-0.1598621635718353,c0021,1.7803690433502195,41.205528,14.615377,2025-06-05
-0.138106661031048,c0021,0.0006389999762177,41.205528,14.615377,2025-06-07
-0.1446873123346847,c0021,2.4730238914489746,41.205528,14.615377,2025-06-10
-0.1468020211351299,c0021,0.5845969915390015,41.205528,14.615377,2025-06-15
-0.1437503229698557,c0021,12.61889934539795,41.205528,14.615377,2025-06-17
-0.1518176839436043,c0021,1.5055489540100098,41.205528,14.615377,2025-06-20
-0.1529574731119386,c0021,0.9613699913024902,41.205528,14.615377,2025-06-25
-0.1395282385635174,c0021,0.2663559913635254,41.205528,14.615377,2025-06-27
-0.1498445522516566,c0021,1.1901650428771973,41.205528,14.615377,2025-06-30
-0.140187865074666,c0021,1.6512019634246826,41.205528,14.615377,2025-07-05
-0.177645154575315,c0021,58.30609130859375,41.205528,14.615377,2025-07-07
-0.2063920608563814,c0021,26.12421226501465,41.205528,14.615377,2025-07-10
-0.1572594993375102,c0021,10.68899631500244,41.205528,14.615377,2025-07-15
-0.1445488033033015,c0021,12.392071723937988,41.205528,14.615377,2025-07-17
-0.1620300645192061,c0021,9.699712753295898,41.205528,14.615377,2025-07-20
-0.1561373251266797,c0021,14.85873031616211,41.205528,14.615377,2025-07-25
-0.1590436611583669,c0021,8.603601455688477,41.205528,14.615377,2025-07-27
-0.1791266006127399,c0021,16.937747955322266,41.205528,14.615377,2025-07-30
-0.1813054014910866,c0021,34.33740997314453,41.205528,14.615377,2025-08-04
-0.1635549684271453,c0021,0.0334069989621639,41.205528,14.615377,2025-08-06
-0.1750280128121485,c0021,0.011384000070393,41.205528,14.615377,2025-08-09
-0.1636579412528399,c0021,20.264265060424805,41.205528,14.615377,2025-08-14
-0.2173280691170089,c0021,66.32770538330078,41.205528,14.615377,2025-08-16
-0.1898041615281461,c0021,2.9077610969543457,41.205528,14.615377,2025-08-19
-0.2196457202203472,c0021,17.9497013092041,41.205528,14.615377,2025-08-24
-0.1927730860324963,c0021,13.913819313049316,41.205528,14.615377,2025-08-26
-0.2076791619552457,c0021,66.47589874267578,41.205528,14.615377,2025-08-29
-0.2660395829981755,c0021,34.272037506103516,41.205528,14.615377,2025-09-03
-0.2304237484190204,c0021,3.144459009170532,41.205528,14.615377,2025-09-05
-0.2457216412161365,c0021,4.821022987365723,41.205528,14.615377,2025-09-08
-0.2420199210961323,c0021,6.780478000640869,41.205528,14.615377,2025-09-13
-0.213830203867583,c0021,5.656381130218506,41.205528,14.615377,2025-09-15
-0.2258601313383643,c0021,0.5348089933395386,41.205528,14.615377,2025-09-18
-0.6222266861722539,c0021,98.47187042236328,41.205528,14.615377,2025-09-23
-0.2604493177896569,c0021,61.6735954284668,41.205528,14.615377,2025-09-25
-0.4915961815094106,c0021,30.05442237854004,41.205528,14.615377,2025-09-28
-0.150249901775145,c0021,45.53337097167969,41.205528,14.615377,2025-10-03
-0.7295178599259796,c0021,95.59835052490234,41.205528,14.615377,2025-10-05
-0.2203533116129623,c0021,15.412015914916992,41.205528,14.615377,2025-10-08
-0.2069509057141458,c0021,24.175912857055664,41.205528,14.615377,2025-10-13
-0.5617263971169173,c0021,99.99879455566406,41.205528,14.615377,2025-10-15
-0.2000055520210745,c0021,47.766727447509766,41.205528,14.615377,2025-10-18
-0.3965798046868938,c0021,99.99842834472656,41.205528,14.615377,2025-10-23
-0.1683228491196081,c0021,82.01084899902344,41.205528,14.615377,2025-10-25
-0.207023455962053,c0021,1.2094049453735352,41.205528,14.615377,2025-10-28
-0.0730102190044947,c0021,96.26499938964844,41.205528,14.615377,2025-11-02
-0.1464067363793197,c0021,9.464855194091797,41.205528,14.615377,2025-11-04
-0.089224207391735,c0021,59.80308151245117,41.205528,14.615377,2025-11-07
-0.1934397237669381,c0021,0.0069240001030266,41.205528,14.615377,2025-11-12
-0.1597205244185539,c0021,10.94863986968994,41.205528,14.615377,2025-11-14
-0.2000814205763188,c0021,80.8432846069336,41.205528,14.615377,2025-11-17
-0.2065016696379223,c0021,99.99908447265624,41.205528,14.615377,2025-11-24
-0.1613703858043001,c0021,78.00269317626953,41.205528,14.615377,2025-11-27
-0.5257867746841087,c0021,99.64649200439452,41.205528,14.615377,2025-12-02
-0.3639101459766217,c0021,78.13492584228516,41.205528,14.615377,2025-12-04
-0.0815342634836517,c0021,59.59482955932617,41.205528,14.615377,2025-12-12
-0.2127136428610657,c0021,32.24856185913086,41.205528,14.615377,2025-12-17
-0.0874438251045066,c0021,89.9804916381836,41.205528,14.615377,2025-12-22
-0.0447247331127505,c0021,92.45419311523438,41.205528,14.615377,2025-12-24
-0.0302622646368467,c0021,21.3149356842041,41.205528,14.615377,2025-12-27
